-ADEL,ADAL
-ADFL,ADAL
-AIAL,ADAL
-ASHL,ADAL
-PVPL,ADAL
-PVR,ADAL
-RMGL,ADAL
-ADER,ADAR
-ADFR,ADAR
-AIAR,ADAR
-ASHR,ADAR
-RICL,ADAR
-RICR,ADAR
-RIMR,ADAR
-RMGR,ADAR
-URBR,ADAR
-ADER,ADEL
-ALA,ADEL
-FLPL,ADEL
-IL2L,ADEL
-ADEL,ADER
-AVAR,ADER
-AVM,ADER
-FLPL,ADER
-FLPR,ADER
-IL2R,ADER
-ASHL,ADFL
-AWBL,ADFL
-AIYR,ADFR
-ASHR,ADFR
-AVHL,ADFR
-AWAR,ADFR
-AWBR,ADFR
-PVPR,ADFR
-RIH,ADFR
-AVHR,ADLL
-CEPVL,ADLL
-SDQR,ADLL
-AIAR,ADLR
-AVHR,ADLR
-AINR,AFDL
-ASER,AFDL
-AWAL,AFDL
-AINL,AFDR
-AINR,AFDR
-ASER,AFDR
-AWAR,AFDR
-RIR,AFDR
-ADLL,AIAL
-AIML,AIAL
-AINR,AIAL
-AIZL,AIAL
-ASEL,AIAL
-ASER,AIAL
-ASGL,AIAL
-ASHL,AIAL
-ASIR,AIAL
-ASKL,AIAL
-HSNL,AIAL
-PVQL,AIAL
-ADLR,AIAR
-AIMR,AIAR
-AIZR,AIAR
-ASER,AIAR
-ASGR,AIAR
-ASHR,AIAR
-ASIR,AIAR
-ASKR,AIAR
-AWCL,AIAR
-AWCR,AIAR
-PVQR,AIAR
-ADAR,AIBL
-ADLL,AIBL
-AIAL,AIBL
-AINR,AIBL
-AIZL,AIBL
-AIZR,AIBL
-ASEL,AIBL
-ASER,AIBL
-ASGL,AIBL
-ASHL,AIBL
-ASKL,AIBL
-AWCL,AIBL
-BAGL,AIBL
-DVC,AIBL
-FLPL,AIBL
-HSNR,AIBL
-PVT,AIBL
-RIBR,AIBL
-RIMR,AIBL
-SAADL,AIBL
-SAAVL,AIBL
-SDQR,AIBL
-ADAL,AIBR
-ADAR,AIBR
-ADLL,AIBR
-ADLR,AIBR
-AIAR,AIBR
-AIZL,AIBR
-AIZR,AIBR
-ASEL,AIBR
-ASER,AIBR
-ASGR,AIBR
-ASHR,AIBR
-ASIR,AIBR
-AWBL,AIBR
-AWCL,AIBR
-AWCR,AIBR
-DVC,AIBR
-FLPL,AIBR
-FLPR,AIBR
-HSNR,AIBR
-PVT,AIBR
-RIBL,AIBR
-SDQL,AIBR
-VB01,AIBR
-AIAL,AIML
-ASKL,AIML
-ASKR,AIMR
-RMGR,AIMR
-ASGL,AINR
-AIBL,AIYL
-ASEL,AIYL
-ASER,AIYL
-ASIL,AIYL
-AWAL,AIYL
-AWCL,AIYL
-AWCR,AIYL
-BAGR,AIYL
-ADFR,AIYR
-AFDR,AIYR
-ASEL,AIYR
-ASER,AIYR
-AUAR,AIYR
-AWAR,AIYR
-AWCR,AIYR
-ADFL,AIZL
-AIAL,AIZL
-AIYL,AIZL
-ASIL,AIZL
-AWAL,AIZL
-AWBL,AIZL
-DVA,AIZL
-HSNL,AIZL
-HSNR,AIZL
-RIH,AIZL
-RIR,AIZL
-ADFR,AIZR
-AIAR,AIZR
-AIYR,AIZR
-AWAR,AIZR
-AWBR,AIZR
-HSNL,AIZR
-HSNR,AIZR
-RIGL,AIZR
-RIH,AIZR
-RIR,AIZR
-ADER,ALA
-AIML,ALML
-RIFL,ALML
-RMGL,ALML
-SDQL,ALML
-BDUR,ALMR
-RIGL,ALNL
-RMGL,ALNL
-SAAVL,ALNL
-RIGR,ALNR
-RMGR,ALNR
-AVHR,AQR
-DVA,AQR
-PVCR,AQR
-PVPL,AQR
-PVPR,AQR
-AVEL,AS01
-AVER,AS01
-AVER,AS02
-RID,AS02
-AVDL,AS04
-PLMR,AS06
-AVAL,AS10
-AVAR,AS10
-AVDL,AS10
-AVAL,AS11
-AVAR,AS11
-AVDL,AS11
-PDA,AS11
-AINL,ASEL
-AINR,ASEL
-AIZL,ASEL
-AWAL,ASEL
-AWAR,ASEL
-AWCL,ASEL
-AWCR,ASEL
-ADLL,ASER
-AFDR,ASER
-AIAL,ASER
-AIAR,ASER
-AIBL,ASER
-AINR,ASER
-AWAR,ASER
-PVQR,ASER
-AIAL,ASGL
-AIML,ASGL
-AWAL,ASGL
-AIAR,ASGR
-AIMR,ASGR
-AWCR,ASGR
-CEPVR,ASGR
-ADLL,ASHL
-AIAL,ASHL
-HSNL,ASHL
-HSNR,ASHL
-RMGL,ASHL
-URXL,ASHL
-ADFR,ASHR
-ADLR,ASHR
-AWBR,ASHR
-HSNL,ASHR
-PVPR,ASHR
-RIFR,ASHR
-RMGR,ASHR
-AVFR,ASJL
-PVQL,ASJL
-AIMR,ASJR
-AIAL,ASKL
-AIML,ASKL
-ASGL,ASKL
-ASHL,ASKL
-ASJL,ASKL
-AVFR,ASKL
-HSNL,ASKL
-PVQL,ASKL
-AIMR,ASKR
-ASJR,ASKR
-PVQR,ASKR
-ADFL,AUAL
-DVA,AUAL
-RIBL,AUAL
-RIR,AUAL
-URXL,AUAL
-ADFR,AUAR
-AINL,AUAR
-AINR,AUAR
-DVA,AUAR
-RIH,AUAR
-URXR,AUAR
-ADAR,AVAL
-ADEL,AVAL
-ADER,AVAL
-ADLL,AVAL
-AIBL,AVAL
-ALA,AVAL
-AQR,AVAL
-ASHL,AVAL
-AUAL,AVAL
-AVAR,AVAL
-AVBL,AVAL
-AVBR,AVAL
-AVDL,AVAL
-AVDR,AVAL
-AVEL,AVAL
-AVER,AVAL
-AVJR,AVAL
-AWCL,AVAL
-BAGR,AVAL
-BDUR,AVAL
-DVA,AVAL
-DVC,AVAL
-FLPL,AVAL
-FLPR,AVAL
-LUAL,AVAL
-LUAR,AVAL
-PHBL,AVAL
-PHBR,AVAL
-PHCL,AVAL
-PLMR,AVAL
-PQR,AVAL
-PVCL,AVAL
-PVCR,AVAL
-PVDL,AVAL
-PVDR,AVAL
-PVNL,AVAL
-PVNR,AVAL
-PVPL,AVAL
-PVPR,AVAL
-RIBL,AVAL
-RICL,AVAL
-RICR,AVAL
-RIML,AVAL
-RIMR,AVAL
-RMGL,AVAL
-SAADL,AVAL
-SAAVL,AVAL
-SDQL,AVAL
-SDQR,AVAL
-SMBDR,AVAL
-URYVR,AVAL
-ADAL,AVAR
-ADEL,AVAR
-ADER,AVAR
-ADLL,AVAR
-ADLR,AVAR
-AIBR,AVAR
-AQR,AVAR
-ASHR,AVAR
-AVAL,AVAR
-AVBL,AVAR
-AVBR,AVAR
-AVDL,AVAR
-AVDR,AVAR
-AVEL,AVAR
-AVER,AVAR
-AVG,AVAR
-AVJL,AVAR
-AVJR,AVAR
-BAGL,AVAR
-DVA,AVAR
-DVC,AVAR
-FLPL,AVAR
-FLPR,AVAR
-LUAL,AVAR
-LUAR,AVAR
-PHBL,AVAR
-PHBR,AVAR
-PLMR,AVAR
-PQR,AVAR
-PVCL,AVAR
-PVCR,AVAR
-PVDL,AVAR
-PVDR,AVAR
-PVPL,AVAR
-PVPR,AVAR
-PVWR,AVAR
-RICL,AVAR
-RICR,AVAR
-RMGR,AVAR
-SAADR,AVAR
-SAAVR,AVAR
-SDQL,AVAR
-SMBDL,AVAR
-ADAL,AVBL
-ADAR,AVBL
-ADLL,AVBL
-AIBL,AVBL
-AQR,AVBL
-ASHL,AVBL
-AVBR,AVBL
-AVFL,AVBL
-AVFR,AVBL
-AVG,AVBL
-AVHR,AVBL
-AVJL,AVBL
-AVJR,AVBL
-AVKL,AVBL
-AVM,AVBL
-DVA,AVBL
-DVC,AVBL
-FLPL,AVBL
-FLPR,AVBL
-PVCL,AVBL
-PVCR,AVBL
-PVNR,AVBL
-PVPL,AVBL
-PVPR,AVBL
-PVQR,AVBL
-PVR,AVBL
-RIFL,AVBL
-RIFR,AVBL
-RIML,AVBL
-RIMR,AVBL
-SDQR,AVBL
-URXL,AVBL
-URXR,AVBL
-ADAL,AVBR
-ADAR,AVBR
-AIBR,AVBR
-AIML,AVBR
-AQR,AVBR
-ASHR,AVBR
-AVAL,AVBR
-AVBL,AVBR
-AVFL,AVBR
-AVFR,AVBR
-AVHL,AVBR
-AVHR,AVBR
-AVJL,AVBR
-AVJR,AVBR
-AVM,AVBR
-AWBR,AVBR
-FLPL,AVBR
-FLPR,AVBR
-PVCL,AVBR
-PVCR,AVBR
-PVNR,AVBR
-PVPL,AVBR
-PVPR,AVBR
-PVR,AVBR
-RIBL,AVBR
-RIFL,AVBR
-RIFR,AVBR
-RIML,AVBR
-RIMR,AVBR
-RMGL,AVBR
-RMGR,AVBR
-SDQR,AVBR
-URBR,AVBR
-URXR,AVBR
-URYVL,AVBR
-ADAL,AVDL
-ADLL,AVDL
-ADLR,AVDL
-AIML,AVDL
-AQR,AVDL
-ASHL,AVDL
-ASHR,AVDL
-AVBL,AVDL
-AVDR,AVDL
-AVHL,AVDL
-AVJL,AVDL
-AVJR,AVDL
-FLPL,AVDL
-FLPR,AVDL
-LUAL,AVDL
-LUAR,AVDL
-PHBL,AVDL
-PHBR,AVDL
-PQR,AVDL
-PVCL,AVDL
-PVCR,AVDL
-PVNL,AVDL
-RMGR,AVDL
-ADER,AVDR
-ADLL,AVDR
-ADLR,AVDR
-AIML,AVDR
-AIMR,AVDR
-ALML,AVDR
-AQR,AVDR
-ASHL,AVDR
-ASHR,AVDR
-AUAL,AVDR
-AVAR,AVDR
-AVBL,AVDR
-AVER,AVDR
-AVHR,AVDR
-AVJR,AVDR
-FLPL,AVDR
-FLPR,AVDR
-HSNL,AVDR
-HSNR,AVDR
-LUAL,AVDR
-LUAR,AVDR
-PHAL,AVDR
-PHBR,AVDR
-PLMR,AVDR
-PQR,AVDR
-PVCL,AVDR
-PVCR,AVDR
-PVNL,AVDR
-PVNR,AVDR
-PVPL,AVDR
-PVWR,AVDR
-RIBL,AVDR
-ADAL,AVEL
-ADAR,AVEL
-ADEL,AVEL
-AIBR,AVEL
-AIZR,AVEL
-ALA,AVEL
-ALML,AVEL
-AUAL,AVEL
-AVAR,AVEL
-AVG,AVEL
-AVKL,AVEL
-AVL,AVEL
-BAGL,AVEL
-BAGR,AVEL
-CEPDR,AVEL
-CEPVR,AVEL
-DVA,AVEL
-FLPR,AVEL
-IL1R,AVEL
-IL2L,AVEL
-OLLR,AVEL
-PVCL,AVEL
-PVCR,AVEL
-PVNR,AVEL
-RIBL,AVEL
-RIBR,AVEL
-RIGL,AVEL
-RIS,AVEL
-RMGL,AVEL
-SDQL,AVEL
-URXL,AVEL
-URYDR,AVEL
-URYVR,AVEL
-AIML,AVER
-AIZL,AVER
-AIZR,AVER
-ALA,AVER
-ASHR,AVER
-AUAR,AVER
-AVAR,AVER
-AVBL,AVER
-AVG,AVER
-AVJR,AVER
-AVKL,AVER
-BAGL,AVER
-CEPDL,AVER
-CEPVL,AVER
-DVA,AVER
-FLPR,AVER
-IL1L,AVER
-IL1R,AVER
-OLLL,AVER
-PVCL,AVER
-PVCR,AVER
-PVPL,AVER
-RIBL,AVER
-RIBR,AVER
-RIGL,AVER
-RIS,AVER
-RMGR,AVER
-URYDL,AVER
-URYDR,AVER
-URYVL,AVER
-AIML,AVFL
-AIMR,AVFL
-AVFR,AVFL
-AVHL,AVFL
-AVHR,AVFL
-HSNL,AVFL
-HSNR,AVFL
-PHAL,AVFL
-PHBR,AVFL
-RIFR,AVFL
-AIML,AVFR
-AIMR,AVFR
-AVFL,AVFR
-AVHL,AVFR
-AVHR,AVFR
-AVJL,AVFR
-AVL,AVFR
-PVNL,AVFR
-PVQR,AVFR
-AVFL,AVG
-PHAL,AVG
-PHAR,AVG
-PVNL,AVG
-AIML,AVHL
-AVAL,AVHL
-AVFL,AVHL
-AVFR,AVHL
-AVHR,AVHL
-AVJL,AVHL
-BDUL,AVHL
-BDUR,AVHL
-PHAL,AVHL
-PVPR,AVHL
-RIFR,AVHL
-AIML,AVHR
-AVFL,AVHR
-AVHL,AVHR
-PHAL,AVHR
-PHAR,AVHR
-PHCR,AVHR
-PVPL,AVHR
-RIFL,AVHR
-ADAR,AVJL
-ADLL,AVJL
-AIML,AVJL
-AQR,AVJL
-AVFL,AVJL
-AVFR,AVJL
-AVG,AVJL
-AVHL,AVJL
-AVJR,AVJL
-BDUR,AVJL
-HSNL,AVJL
-HSNR,AVJL
-LUAL,AVJL
-PVCL,AVJL
-PVNL,AVJL
-PVNR,AVJL
-PVR,AVJL
-PVWL,AVJL
-RIFR,AVJL
-RIMR,AVJL
-RMGR,AVJL
-ADAL,AVJR
-ADER,AVJR
-ADLL,AVJR
-ADLR,AVJR
-AVFR,AVJR
-AVHR,AVJR
-AVM,AVJR
-BDUL,AVJR
-LUAR,AVJR
-PVNL,AVJR
-PVNR,AVJR
-PVR,AVJR
-RIFL,AVJR
-RIFR,AVJR
-URXL,AVJR
-ADER,AVKL
-DVC,AVKL
-PDEL,AVKL
-PDER,AVKL
-PVM,AVKL
-PVT,AVKL
-RIGR,AVKL
-RIMR,AVKL
-RMDR,AVKL
-RMFL,AVKL
-RMFR,AVKL
-ADER,AVKR
-DVC,AVKR
-PVT,AVKR
-RICL,AVKR
-RIGL,AVKR
-RIGR,AVKR
-RIS,AVKR
-RMFL,AVKR
-RMFR,AVKR
-AVFL,AVL
-AVG,AVL
-DVB,AVL
-PVNL,AVL
-PVNR,AVL
-PVPR,AVL
-PVQR,AVL
-PVT,AVL
-RIS,AVL
-VC01,AVL
-VC03,AVL
-PVM,AVM
-AIYL,AWAL
-AIAR,AWAR
-AIYR,AWAR
-ASER,AWAR
-ASKR,AWAR
-PVQR,AWAR
-AWAL,AWBL
-HSNL,AWBL
-HSNR,AWBL
-AVHL,AWBR
-AWAR,AWBR
-HSNL,AWBR
-RIR,AWBR
-AIAR,AWCL
-AIYL,AWCL
-ASEL,AWCL
-ASER,AWCL
-ASIL,AWCL
-ASIR,AWCL
-AWCR,AWCL
-ADLR,AWCR
-AIAL,AWCR
-AIAR,AWCR
-AIYL,AWCR
-ASEL,AWCR
-ASER,AWCR
-ASIL,AWCR
-ASIR,AWCR
-AWCL,AWCR
-AINL,BAGL
-AQR,BAGL
-RIBR,BAGL
-AINR,BAGR
-AQR,BAGR
-BAGL,BAGR
-IL2VL,BAGR
-RIBL,BAGR
-RIGL,BAGR
-RIH,BAGR
-RIR,BAGR
-ADEL,BDUL
-ALML,BDUL
-AVM,BDUL
-PVNL,BDUL
-PVNR,BDUL
-AVM,BDUR
-HSNR,BDUR
-PVNL,BDUR
-PVNR,BDUR
-OLLL,CEPDL
-RMGL,CEPDL
-IL2DR,CEPDR
-OLLR,CEPDR
-RIS,CEPDR
-ALML,CEPVL
-OLLL,CEPVL
-RIAL,CEPVL
-RIS,CEPVL
-ASKR,CEPVR
-OLLR,CEPVR
-RIAR,CEPVR
-RIH,CEPVR
-RIS,CEPVR
-AVDL,DA01
-AVDR,DA01
-AVEL,DA01
-AVER,DA01
-AVM,DA01
-AVEL,DA02
-AVER,DA02
-AVDR,DA03
-AVEL,DA03
-AVDL,DA04
-AVDR,DA04
-AVEL,DA04
-AVDL,DA05
-HSNR,DA05
-HSNR,DA06
-PVCL,DA06
-RID,DA06
-AVAL,DA07
-AVAR,DA07
-AVAL,DA08
-AVAR,DA08
-AVDR,DA08
-AVG,DA08
-DVB,DA08
-PHAR,DA08
-PHBR,DA08
-AVAL,DA09
-AVAR,DA09
-PDA,DA09
-PHCL,DA09
-PHCR,DA09
-PVCR,DA09
-DVA,DB02
-AVER,DB03
-DVA,DB05
-AVAL,DB06
-DVA,DB07
-PVCL,DB07
-PVCR,DB07
-PVNL,DD01
-PVQR,DD01
-RID,DD01
-VB01,DD01
-PVPR,DD02
-RID,DD02
-RID,DD03
-AVL,DD06
-DVB,DD06
-PDA,DD06
-AIZR,DVA
-FLPL,DVA
-FLPR,DVA
-PDEL,DVA
-PDER,DVA
-PHAL,DVA
-PHAR,DVA
-PHCL,DVA
-PHCR,DVA
-PLMR,DVA
-PVCL,DVA
-PVDR,DVA
-PVM,DVA
-PVR,DVA
-RIR,DVA
-SDQR,DVA
-VB01,DVA
-DVB,DVC
-PVPR,DVC
-PVQR,DVC
-RIGL,DVC
-ADEL,FLPL
-ADER,FLPL
-AIBL,FLPL
-FLPR,FLPL
-PVCR,FLPL
-SDQL,FLPL
-ADAL,FLPR
-ADER,FLPR
-FLPL,FLPR
-AIMR,HSNL
-AIYR,HSNL
-ASJL,HSNL
-AVFL,HSNL
-BDUL,HSNL
-PVQL,HSNL
-RIR,HSNL
-AIMR,HSNR
-AIYL,HSNR
-ASHR,HSNR
-ASJL,HSNR
-ASJR,HSNR
-BDUR,HSNR
-HSNL,HSNR
-PVNR,HSNR
-RIFR,HSNR
-CEPDL,IL1DL
-IL2DL,IL1DL
-PVR,IL1DL
-URADL,IL1DL
-CEPDR,IL1DR
-IL2DR,IL1DR
-OLLR,IL1DR
-PVR,IL1DR
-URADR,IL1DR
-ADEL,IL1L
-IL1VL,IL1L
-IL2L,IL1L
-URBL,IL1L
-CEPDR,IL1R
-IL1VR,IL1R
-IL2R,IL1R
-RIAR,IL1R
-URAVR,IL1R
-URBR,IL1R
-CEPVL,IL1VL
-IL2VL,IL1VL
-OLLL,IL1VL
-OLQVL,IL1VL
-PVR,IL1VL
-URYVL,IL1VL
-CEPVR,IL1VR
-IL2VR,IL1VR
-OLLR,IL1VR
-OLQVR,IL1VR
-PVR,IL1VR
-URYVR,IL1VR
-ADEL,IL2L
-IL2VL,IL2L
-RIH,IL2L
-RIH,IL2R
-OLQVL,IL2VL
-CEPVR,IL2VR
-IL1VR,IL2VR
-AVAL,LUAL
-AVAR,LUAL
-AVDL,LUAL
-AVDR,LUAL
-PHCL,LUAL
-AVAR,LUAR
-PHCR,LUAR
-PQR,LUAR
-PVCR,LUAR
-ADEL,OLLL
-CEPDL,OLLL
-CEPVL,OLLL
-ADER,OLLR
-ADLR,OLLR
-CEPDR,OLLR
-CEPVR,OLLR
-IL2R,OLLR
-RIS,OLLR
-RMDL,OLLR
-SAAVL,OLLR
-CEPDL,OLQDL
-IL2DL,OLQDL
-IL2L,OLQDL
-RIH,OLQDL
-AIMR,OLQDR
-CEPDR,OLQDR
-IL2R,OLQDR
-RIH,OLQDR
-ADFL,OLQVL
-ADLL,OLQVL
-CEPVL,OLQVL
-IL2L,OLQVL
-IL2VL,OLQVL
-RIH,OLQVL
-CEPVR,OLQVR
-IL2R,OLQVR
-IL2VR,OLQVR
-RIH,OLQVR
-URXR,OLQVR
-DVB,PDA
-AVAR,PDEL
-AVKL,PDEL
-DVA,PDEL
-PLMR,PDEL
-PVCR,PDEL
-PVM,PDEL
-PVR,PDEL
-AVAR,PDER
-AVFL,PDER
-AVKL,PDER
-PDEL,PDER
-PLMR,PDER
-PVM,PDER
-PVR,PDER
-AVG,PHAL
-PHAR,PHAL
-PHAL,PHAR
-LUAL,PHBL
-PHAL,PHBL
-PHAR,PHBL
-PHBR,PHBL
-PHAL,PHBR
-PHAR,PHBR
-PHBL,PHBR
-DVB,PHCL
-PHCR,PHCL
-AVJL,PLMR
-SMBVL,PLNL
-LUAR,PQR
-PVNL,PQR
-PVNR,PQR
-ADLR,PVCL
-ALML,PVCL
-AVAL,PVCL
-AVAR,PVCL
-AVDL,PVCL
-AVG,PVCL
-AVJL,PVCL
-AVJR,PVCL
-AVM,PVCL
-BDUR,PVCL
-DVA,PVCL
-FLPR,PVCL
-PHBL,PVCL
-PHBR,PVCL
-PHCL,PVCL
-PLMR,PVCL
-PVCR,PVCL
-PVDL,PVCL
-PVDR,PVCL
-PVNL,PVCL
-PVPR,PVCL
-RIFR,PVCL
-VD13,PVCL
-ALML,PVCR
-AQR,PVCR
-AVAL,PVCR
-AVAR,PVCR
-AVEL,PVCR
-AVJL,PVCR
-AVJR,PVCR
-AVM,PVCR
-DVA,PVCR
-LUAR,PVCR
-PHBR,PVCR
-PHCR,PVCR
-PVCL,PVCR
-PVDL,PVCR
-PVDR,PVCR
-PVPL,PVCR
-PVPR,PVCR
-PVWR,PVCR
-RIFR,PVCR
-PVCR,PVDL
-PVDR,PVDL
-PDEL,PVM
-AVFL,PVNL
-AVHR,PVNL
-AVM,PVNL
-BDUR,PVNL
-LUAL,PVNL
-PQR,PVNL
-PVNR,PVNL
-AIMR,PVNR
-AVBL,PVNR
-AVG,PVNR
-AVJL,PVNR
-BDUL,PVNR
-BDUR,PVNR
-HSNR,PVNR
-PDA,PVNR
-PVNL,PVNR
-AQR,PVPL
-AVHR,PVPL
-DVB,PVPL
-RIFL,PVPL
-RIR,PVPL
-ADFR,PVPR
-ASHR,PVPR
-AVG,PVPR
-AVHL,PVPR
-RIFR,PVPR
-ASJL,PVQL
-AVFL,PVQL
-AVFR,PVQL
-PHAL,PVQL
-PHAR,PVQL
-ASJR,PVQR
-AVFL,PVQR
-AVG,PVQR
-AVHL,PVQR
-HSNR,PVQR
-PVPR,PVQR
-ADER,PVR
-AVM,PVR
-DVA,PVR
-PDEL,PVR
-PVCR,PVR
-PVM,PVR
-AVEL,PVT
-DVC,PVT
-PVNR,PVT
-PVQR,PVT
-PVWL,PVT
-RMFL,PVT
-AVL,PVWL
-LUAL,PVWL
-LUAR,PVWL
-PVNL,PVWL
-PVNR,PVWL
-PVCR,PVWR
-PVWL,PVWR
-ADEL,RIAL
-ADFL,RIAL
-AIBR,RIAL
-AIYL,RIAL
-AIZL,RIAL
-AQR,RIAL
-ASHL,RIAL
-AUAL,RIAL
-AWBL,RIAL
-AWCL,RIAL
-BAGR,RIAL
-IL2VL,RIAL
-RIAR,RIAL
-RIBL,RIAL
-RIH,RIAL
-RIR,RIAL
-RIVL,RIAL
-RIVR,RIAL
-RMDL,RIAL
-RMDR,RIAL
-SMDDL,RIAL
-SMDDR,RIAL
-SMDVL,RIAL
-SMDVR,RIAL
-URXL,RIAL
-URYVL,RIAL
-ADFR,RIAR
-AIYR,RIAR
-AIZR,RIAR
-AQR,RIAR
-ASHR,RIAR
-AUAR,RIAR
-AWBR,RIAR
-BAGL,RIAR
-DVA,RIAR
-IL2VR,RIAR
-RIAL,RIAR
-RIBR,RIAR
-RIH,RIAR
-RIR,RIAR
-RIVR,RIAR
-RMDL,RIAR
-RMDR,RIAR
-SMDDL,RIAR
-SMDVL,RIAR
-SMDVR,RIAR
-URXR,RIAR
-URYVR,RIAR
-AIBR,RIBL
-AINR,RIBL
-AIYL,RIBL
-ASIL,RIBL
-AUAL,RIBL
-BAGR,RIBL
-CEPDL,RIBL
-DVC,RIBL
-IL2DL,RIBL
-OLLL,RIBL
-RIH,RIBL
-RIS,RIBL
-RMED,RIBL
-URYDL,RIBL
-URYVL,RIBL
-AIBL,RIBR
-AINL,RIBR
-AIYR,RIBR
-AUAR,RIBR
-BAGL,RIBR
-CEPDR,RIBR
-DVC,RIBR
-OLLR,RIBR
-RIH,RIBR
-RIMR,RIBR
-RIS,RIBR
-RMED,RIBR
-URYDR,RIBR
-URYVR,RIBR
-ADAL,RICL
-ADAR,RICL
-ADLR,RICL
-CEPDL,RICL
-CEPDR,RICL
-CEPVL,RICL
-CEPVR,RICL
-IL2L,RICL
-ADAL,RICR
-ADLR,RICR
-CEPDL,RICR
-CEPDR,RICR
-CEPVL,RICR
-CEPVR,RICR
-IL2DR,RICR
-OLQDR,RICR
-SDQL,RICR
-SDQR,RICR
-AINR,RID
-AVM,RID
-PVCL,RID
-PVCR,RID
-RMGL,RID
-ADEL,RIFL
-AIAL,RIFL
-AIBL,RIFL
-AIML,RIFL
-HSNL,RIFL
-PVNL,RIFL
-AIAR,RIFR
-AIMR,RIFR
-ASKR,RIFR
-AVJL,RIFR
-AWAR,RIFR
-HSNR,RIFR
-PVQR,RIFR
-ADEL,RIGL
-ADER,RIGL
-ADFL,RIGL
-AVAR,RIGL
-AVHR,RIGL
-BAGR,RIGL
-DVC,RIGL
-PVT,RIGL
-RIR,RIGL
-URXL,RIGL
-ADEL,RIGR
-ADER,RIGR
-ADFR,RIGR
-AIBL,RIGR
-BAGL,RIGR
-DVC,RIGR
-PVPR,RIGR
-PVT,RIGR
-ADEL,RIH
-ADER,RIH
-IL1DL,RIH
-IL2L,RIH
-IL2R,RIH
-IL2VL,RIH
-IL2VR,RIH
-OLQVL,RIH
-OLQVR,RIH
-RIBR,RIH
-URYVL,RIH
-ADAL,RIML
-AIBL,RIML
-AIBR,RIML
-AIZL,RIML
-ASHL,RIML
-AVKL,RIML
-AVKR,RIML
-HSNL,RIML
-RICL,RIML
-RIFL,RIML
-RIS,RIML
-SAADL,RIML
-SAADR,RIML
-SAAVL,RIML
-SAAVR,RIML
-VB01,RIML
-ADAR,RIMR
-AIBL,RIMR
-AIBR,RIMR
-AIZR,RIMR
-AVHL,RIMR
-AVKL,RIMR
-AVKR,RIMR
-DVA,RIMR
-PVPR,RIMR
-RICL,RIMR
-RIFR,RIMR
-RIS,RIMR
-SAADL,RIMR
-SAADR,RIMR
-SAAVL,RIMR
-SAAVR,RIMR
-ADAL,RIPL
-ADLL,RIPL
-ASHL,RIPL
-CEPDL,RIPL
-CEPVL,RIPL
-IL1DL,RIPL
-IL1VL,RIPL
-IL2DL,RIPL
-IL2VL,RIPL
-OLQVL,RIPL
-PVR,RIPL
-RIH,RIPL
-URADL,RIPL
-URAVL,RIPL
-ADAR,RIPR
-CEPVR,RIPR
-IL1DR,RIPR
-IL1VR,RIPR
-IL2DR,RIPR
-IL2VR,RIPR
-OLQVR,RIPR
-PVR,RIPR
-RIFR,RIPR
-RIH,RIPR
-URADR,RIPR
-URAVR,RIPR
-URXR,RIPR
-ADFL,RIR
-ADFR,RIR
-AVHL,RIR
-AVHR,RIR
-AWAR,RIR
-AWBR,RIR
-DVA,RIR
-RMGR,RIR
-AVJL,RIS
-CEPDL,RIS
-CEPDR,RIS
-RIMR,RIS
-RMDR,RIS
-SDQL,RIS
-URYVL,RIS
-ADEL,RIVL
-CEPVR,RIVL
-RIAL,RIVL
-RIAR,RIVL
-SMDVL,RIVL
-ADAR,RIVR
-ADEL,RIVR
-RIAL,RIVR
-SMDVR,RIVR
-ALMR,RMDDL
-CEPDR,RMDDL
-CEPVL,RMDDL
-IL1L,RMDDL
-IL1R,RMDDL
-IL1VL,RMDDL
-OLLL,RMDDL
-OLQDR,RMDDL
-RIAL,RMDDL
-RIAR,RMDDL
-RIS,RMDDL
-RIVR,RMDDL
-RMDVR,RMDDL
-SMDVR,RMDDL
-URYDR,RMDDL
-URYVL,RMDDL
-CEPVR,RMDDR
-IL1DL,RMDDR
-IL1R,RMDDR
-IL1VR,RMDDR
-OLLR,RMDDR
-OLQDL,RMDDR
-RIAL,RMDDR
-RIAR,RMDDR
-RMDVL,RMDDR
-SMDVL,RMDDR
-URBL,RMDDR
-URYDL,RMDDR
-URYVR,RMDDR
-ADEL,RMDL
-IL1L,RMDL
-IL1R,RMDL
-IL2L,RMDL
-IL2R,RMDL
-RIAL,RMDL
-RIAR,RMDL
-RIML,RMDL
-RIMR,RMDL
-RIS,RMDL
-RIVL,RMDL
-RMDR,RMDL
-RMFR,RMDL
-RMGL,RMDL
-RMGR,RMDL
-URBR,RMDL
-ADER,RMDR
-ALA,RMDR
-IL1L,RMDR
-IL1R,RMDR
-IL2L,RMDR
-RIAL,RMDR
-RIAR,RMDR
-RIML,RMDR
-RIMR,RMDR
-RIS,RMDR
-RIVR,RMDR
-RMDL,RMDR
-RMFL,RMDR
-RMGL,RMDR
-RMGR,RMDR
-RMHL,RMDR
-URBR,RMDR
-URXR,RMDR
-CEPDL,RMDVL
-IL1DL,RMDVL
-IL1L,RMDVL
-IL1R,RMDVL
-OLLL,RMDVL
-OLQVR,RMDVL
-RIAL,RMDVL
-RIAR,RMDVL
-RMDDR,RMDVL
-RMGL,RMDVL
-URAVR,RMDVL
-URYDL,RMDVL
-URYVR,RMDVL
-CEPDR,RMDVR
-IL1DR,RMDVR
-IL1L,RMDVR
-IL1R,RMDVR
-OLLR,RMDVR
-OLQVL,RMDVR
-RIAL,RMDVR
-RIAR,RMDVR
-RIVR,RMDVR
-RMDDL,RMDVR
-RMGR,RMDVR
-URADR,RMDVR
-URYDR,RMDVR
-URYVL,RMDVR
-IL2DR,RMED
-SMBDL,RMED
-SMBDR,RMED
-URADR,RMED
-IL1R,RMEL
-IL2DL,RMEL
-IL2DR,RMEL
-IL2R,RMEL
-IL2VL,RMEL
-IL2VR,RMEL
-OLLL,RMEL
-URADL,RMEL
-URAVL,RMEL
-IL1L,RMER
-IL1VR,RMER
-IL2DL,RMER
-IL2DR,RMER
-IL2L,RMER
-IL2VL,RMER
-IL2VR,RMER
-OLLR,RMER
-OLQVR,RMER
-RIH,RMER
-RMDL,RMER
-RMHR,RMER
-URADR,RMER
-URAVL,RMER
-URAVR,RMER
-IL2DR,RMEV
-IL2L,RMEV
-IL2R,RMEV
-IL2VL,RMEV
-IL2VR,RMEV
-PVT,RMEV
-RIH,RMEV
-SMBVL,RMEV
-SMBVR,RMEV
-URAVL,RMEV
-URAVR,RMEV
-AVKR,RMFL
-DVC,RMFL
-PVT,RMFL
-RIGL,RMFL
-RIMR,RMFL
-RMDL,RMFL
-SAADR,RMFL
-SDQL,RMFL
-VB01,RMFL
-AVKL,RMFR
-DVC,RMFR
-PVT,RMFR
-RICL,RMFR
-RIML,RMFR
-RIMR,RMFR
-SAAVL,RMFR
-ALML,RMGL
-CEPDL,RMGL
-PVQL,RMGL
-RMHR,RMGL
-AIMR,RMGR
-ASHR,RMGR
-HSNR,RMGR
-PVPR,RMGR
-RMFL,RMGR
-ADEL,RMHL
-CEPDR,RMHL
-CEPVL,RMHL
-IL1R,RMHL
-RIGR,RMHL
-SDQR,RMHL
-ALNR,RMHR
-CEPDL,RMHR
-CEPDR,RMHR
-CEPVR,RMHR
-OLQDR,RMHR
-RIGL,RMHR
-RMGL,RMHR
-SDQR,RMHR
-AIBL,SAADL
-AIBR,SAADL
-AVKR,SAADL
-BDUL,SAADL
-PLNL,SAADL
-VB01,SAADL
-AIBL,SAADR
-DVA,SAADR
-PLNR,SAADR
-RIAR,SAADR
-VB01,SAADR
-ALNL,SAAVL
-DVA,SAAVL
-RIML,SAAVL
-RIMR,SAAVL
-ALNR,SAAVR
-DVA,SAAVR
-RIMR,SAAVR
-SMBDL,SAAVR
-AVAR,SABD
-AVDL,SABD
-AVDR,SABD
-AVEL,SABD
-AVER,SABD
-AVL,SABD
-DVA,SABD
-PVR,SABD
-AVAR,SABVL
-AVDL,SABVL
-AVDR,SABVL
-AVEL,SABVL
-AVER,SABVL
-AVJR,SABVL
-AVL,SABVL
-HSNL,SABVL
-AVDL,SABVR
-AVDR,SABVR
-AVEL,SABVR
-AVER,SABVR
-AVL,SABVR
-HSNR,SABVR
-ALML,SDQL
-BDUR,SDQL
-ALMR,SIADL
-RIAL,SIADL
-RIAR,SIADL
-ADEL,SIADR
-CEPDL,SIADR
-RIAR,SIADR
-CEPVL,SIAVL
-RIAR,SIAVL
-RIVR,SIAVL
-RMGL,SIAVL
-URBL,SIAVL
-AVKL,SIAVR
-CEPVR,SIAVR
-RIVL,SIAVR
-URBR,SIAVR
-URXR,SIAVR
-OLQVL,SIBDL
-ADEL,SIBDR
-OLQVR,SIBDR
-RMDVR,SIBDR
-URYVR,SIBDR
-AVM,SIBVL
-OLQDL,SIBVL
-PVCL,SIBVL
-RMGL,SIBVL
-URYVR,SIBVL
-OLQDR,SIBVR
-PVCR,SIBVR
-RMDVR,SIBVR
-RMGL,SIBVR
-URYVL,SIBVR
-AIZL,SMBDL
-ALNR,SMBDL
-AVHR,SMBDL
-AWBL,SMBDL
-DVA,SMBDL
-RICL,SMBDL
-URBR,SMBDL
-ADEL,SMBDR
-ADFR,SMBDR
-AIZR,SMBDR
-ALNL,SMBDR
-AVHL,SMBDR
-CEPDL,SMBDR
-CEPDR,SMBDR
-DVA,SMBDR
-PVT,SMBDR
-RICR,SMBDR
-URBL,SMBDR
-ADFL,SMBVL
-AIZL,SMBVL
-AVHR,SMBVL
-DVA,SMBVL
-PLNL,SMBVL
-RMGL,SMBVL
-ADFR,SMBVR
-AIZR,SMBVR
-AVHL,SMBVR
-AWBR,SMBVR
-DVA,SMBVR
-PLNR,SMBVR
-AIBR,SMDDL
-AVKR,SMDDL
-OLLL,SMDDL
-RIAL,SMDDL
-RIAR,SMDDL
-RIBR,SMDDL
-RICL,SMDDL
-RICR,SMDDL
-RIMR,SMDDL
-RIVR,SMDDL
-SAAVR,SMDDL
-SMDVR,SMDDL
-URYDL,SMDDL
-URYDR,SMDDL
-AIBL,SMDDR
-AIZR,SMDDR
-ALNR,SMDDR
-AVKL,SMDDR
-AVKR,SMDDR
-OLLL,SMDDR
-RIAL,SMDDR
-RIAR,SMDDR
-RICL,SMDDR
-RICR,SMDDR
-RIML,SMDDR
-RIMR,SMDDR
-RIS,SMDDR
-RIVL,SMDDR
-SAAVL,SMDDR
-SMDVL,SMDDR
-URYDL,SMDDR
-AIBR,SMDVL
-ALNL,SMDVL
-RIAL,SMDVL
-RIAR,SMDVL
-RICR,SMDVL
-RIML,SMDVL
-URYVR,SMDVL
-RIAL,SMDVR
-RIAR,SMDVR
-RIBL,SMDVR
-RICL,SMDVR
-RICR,SMDVR
-RIS,SMDVR
-RIVR,SMDVR
-SMDDL,SMDVR
-URYVL,SMDVR
-BDUL,URADL
-CEPDL,URADL
-IL2DL,URADL
-PVR,URADL
-BDUR,URADR
-CEPDR,URADR
-IL2DR,URADR
-CEPVL,URAVL
-IL2VL,URAVL
-CEPVR,URAVR
-IL2VR,URAVR
-ADEL,URBL
-CEPDL,URBL
-CEPDR,URBR
-AQR,URXL
-IL2L,URXL
-RIR,URXL
-RMGL,URXL
-URBL,URXL
-IL1R,URXR
-IL2VR,URXR
-RIR,URXR
-RMGR,URXR
-URBR,URXR
-CEPDL,URYDL
-IL1DL,URYDL
-OLLL,URYDL
-RMDDR,URYDL
-CEPDR,URYDR
-URADR,URYDR
-IL1VL,URYVL
-RIH,URYVR
-RIS,URYVR
-AVEL,VA01
-AVER,VA01
-AVM,VA01
-AVER,VA02
-DVA,VA02
-AVEL,VA03
-AVER,VA04
-AVDL,VA05
-AVDR,VA06
-HSNR,VA06
-AVAR,VA08
-AVAR,VA09
-AVAL,VA10
-AVAR,VA10
-AVAL,VA11
-AVAR,VA11
-AVDR,VA11
-AVAL,VA12
-DVA,VA12
-PHBL,VA12
-PHBR,VA12
-PHCL,VA12
-PHCR,VA12
-PVWL,VA12
-PVWR,VA12
-AIBR,VB01
-AVFL,VB01
-DVA,VB01
-FLPR,VB01
-AIZL,VB02
-DVA,VB11
-HSNR,VC02
-PVNR,VC02
-PVNR,VC03
-AVHL,VD01
-PVQR,VD01
-AVEL,VD02
-AVEL,VD03
-RID,VD05
-AVL,VD12
-PVNR,VD12
-AVAR,VD13
-PDA,VD13
-PDB,VD13
-AWAL,ADAL
-BDUL,ADEL
-ALNR,ADER
-AVM,ADER
-BDUR,ADER
-FLPR,ADER
-IL2R,ADER
-AWBL,ADFL
-ASEL,ADFR
-AWBR,ADFR
-AINR,AFDL
-ASER,AFDL
-AWAL,AFDL
-AINL,AFDR
-AWAR,AFDR
-ADLL,AIAL
-AIML,AIAL
-ASER,AIAL
-ASGL,AIAL
-ASHL,AIAL
-ASKL,AIAL
-AWCL,AIAL
-PVQL,AIAL
-ADLR,AIAR
-ASER,AIAR
-ASGR,AIAR
-ASHR,AIAR
-ASIR,AIAR
-ASKR,AIAR
-AWCL,AIAR
-AWCR,AIAR
-PVQR,AIAR
-ADAL,AIBL
-ADLL,AIBL
-AIAL,AIBL
-AIZL,AIBL
-AIZR,AIBL
-ASEL,AIBL
-ASHL,AIBL
-ASIL,AIBL
-AWCL,AIBL
-FLPL,AIBL
-RIBR,AIBL
-AIAR,AIBR
-AIZL,AIBR
-ASEL,AIBR
-ASER,AIBR
-ASHR,AIBR
-RMGL,AIBR
-SAADR,AIBR
-AFDL,AINR
-AFDL,AIYL
-ASEL,AIYL
-ASER,AIYL
-AWCL,AIYL
-AWCR,AIYL
-AFDR,AIYR
-ASEL,AIYR
-ASER,AIYR
-ASGR,AIYR
-AWCR,AIYR
-ADFL,AIZL
-AIYL,AIZL
-AWAL,AIZL
-AWBL,AIZL
-RIR,AIZL
-ADFR,AIZR
-AWAR,AIZR
-AWBR,AIZR
-RIBR,AIZR
-RIR,AIZR
-ADLL,ALA
-DVA,AQR
-AVAR,AS01
-AVBR,AS01
-AVDL,AS01
-AVER,AS01
-DB01,AS01
-PVCL,AS01
-AVAL,AS02
-AVAR,AS02
-DB01,AS02
-PVCR,AS02
-AVAL,AS03
-AVAR,AS03
-AVBL,AS03
-AVBR,AS03
-AVER,AS03
-DB01,AS03
-AVAL,AS04
-AVAR,AS04
-AVBL,AS04
-AVBR,AS04
-DA03,AS04
-DB03,AS04
-AS04,AS05
-AVAL,AS05
-AVAR,AS05
-AVBL,AS05
-AVBR,AS05
-AVDL,AS05
-AVDR,AS05
-DB03,AS05
-HSNR,AS05
-AVAR,AS06
-AVBL,AS06
-AVBR,AS06
-PVR,AS06
-AVAL,AS07
-AVAR,AS07
-AVBR,AS07
-AVAL,AS08
-AVAR,AS08
-AVAL,AS09
-AVAR,AS09
-AVBL,AS09
-AVBL,AS10
-AVBR,AS10
-AVDR,AS10
-VA12,AS11
-AINL,ASEL
-ASIR,ASEL
-ADLL,ASER
-ADLR,ASER
-AIAL,ASER
-AINR,ASER
-ASIL,ASER
-AIAR,ASGR
-AINL,ASGR
-AWBR,ASGR
-ADLR,ASHR
-ASIR,ASHR
-HSNL,ASJR
-AIAL,ASKL
-ASIL,ASKL
-ASJR,ASKR
-ADFL,AUAL
-IL2DL,AUAL
-URXL,AUAL
-AWAR,AUAR
-URXR,AUAR
-ADER,AVAL
-AQR,AVAL
-AUAL,AVAL
-AVBL,AVAL
-AVBR,AVAL
-AVDL,AVAL
-AVDR,AVAL
-AVEL,AVAL
-AVER,AVAL
-BAGR,AVAL
-FLPL,AVAL
-FLPR,AVAL
-PLMR,AVAL
-PQR,AVAL
-PVCL,AVAL
-PVCR,AVAL
-PVNR,AVAL
-PVPL,AVAL
-RIBL,AVAL
-SAAVL,AVAL
-SDQL,AVAL
-VA02,AVAL
-VD06,AVAL
-AQR,AVAR
-AS09,AVAR
-ASHR,AVAR
-AUAR,AVAR
-AVBL,AVAR
-AVBR,AVAR
-AVDL,AVAR
-AVDR,AVAR
-AVEL,AVAR
-AVG,AVAR
-BAGL,AVAR
-LUAL,AVAR
-PQR,AVAR
-PVPL,AVAR
-RIBR,AVAR
-SAAVR,AVAR
-VD05,AVAR
-VD11,AVAR
-VD13,AVAR
-ADAR,AVBL
-ADLL,AVBL
-ADLR,AVBL
-AIBL,AVBL
-AQR,AVBL
-AVAR,AVBL
-AVDR,AVBL
-AVG,AVBL
-AVHL,AVBL
-AVJR,AVBL
-AWBL,AVBL
-FLPL,AVBL
-PVCR,AVBL
-PVPL,AVBL
-SDQR,AVBL
-URBL,AVBL
-VC04,AVBL
-ADAL,AVBR
-ADLR,AVBR
-AVFR,AVBR
-AVG,AVBR
-AVM,AVBR
-FLPL,AVBR
-PVCL,AVBR
-PVNL,AVBR
-RIFR,AVBR
-RIMR,AVBR
-ADLR,AVDL
-ASHR,AVDL
-AVAL,AVDL
-AVAR,AVDL
-FLPR,AVDL
-PLMR,AVDL
-VA04,AVDL
-ASHL,AVDR
-AVG,AVDR
-AVJR,AVDR
-AVBL,AVEL
-AVJL,AVEL
-BAGR,AVEL
-CEPVR,AVEL
-DVA,AVEL
-OLLR,AVEL
-PVNL,AVEL
-PVNR,AVEL
-RIBL,AVEL
-RIBR,AVEL
-RIGL,AVEL
-URXL,AVEL
-ADER,AVER
-AIZR,AVER
-ALA,AVER
-AUAR,AVER
-AVJR,AVER
-BAGL,AVER
-CEPDL,AVER
-CEPVL,AVER
-DVA,AVER
-OLLL,AVER
-RIBL,AVER
-RIBR,AVER
-RIGR,AVER
-URXR,AVER
-AIML,AVFL
-AIMR,AVFL
-AVG,AVFL
-HSNL,AVFL
-HSNR,AVFL
-VC05,AVFL
-AIMR,AVFR
-AVFL,AVFR
-VC05,AVFR
-AVFL,AVG
-PHAL,AVG
-PHAR,AVG
-PQR,AVG
-AVFL,AVHR
-AVFR,AVHR
-VC04,AVHR
-ADAR,AVJL
-AVFR,AVJL
-AVHL,AVJL
-HSNL,AVJL
-PVCL,AVJL
-PVR,AVJL
-ADLR,AVJR
-AVFL,AVJR
-FLPR,AVJR
-PVCL,AVJR
-PVNL,AVJR
-ADER,AVKL
-PDEL,AVKL
-PVM,AVKL
-PVR,AVKL
-PVT,AVKL
-RIS,AVKL
-ADEL,AVL
-AVBL,AVL
-DVB,AVL
-HSNR,AVL
-PVCR,AVL
-PVPR,AVL
-AVKL,AVM
-ADLL,AWBL
-HSNL,AWBL
-ADFR,AWBR
-ASIL,AWCL
-AWCR,AWCL
-AIAR,AWCR
-ASIL,AWCR
-ASIR,AWCR
-RIBR,BAGL
-ALML,BDUL
-AVKR,BDUL
-AVM,BDUL
-PVNL,BDUL
-ALMR,BDUR
-AVM,BDUR
-CEPDR,BDUR
-PVNR,BDUR
-ADEL,CEPDL
-ALML,CEPDL
-RIH,CEPDL
-URBL,CEPDL
-ADER,CEPDR
-ALMR,CEPDR
-OLLR,CEPDR
-RIH,CEPDR
-URBR,CEPDR
-RIH,CEPVL
-ALMR,CEPVR
-RIH,CEPVR
-AS01,DA01
-AVAL,DA01
-AVAR,DA01
-AVAL,DA02
-AVAR,DA02
-AVDL,DA02
-AVDR,DA02
-AVER,DA02
-AVL,DA02
-DD01,DA02
-PVCL,DA02
-AS03,DA03
-AVAL,DA03
-AVAR,DA03
-AVDL,DA03
-AVDR,DA03
-AVEL,DA03
-AVER,DA03
-DA04,DA03
-DB02,DA03
-DD02,DA03
-AVAL,DA04
-AVAR,DA04
-AVDL,DA04
-AVDR,DA04
-DA03,DA04
-AVAL,DA05
-AVAR,DA05
-AVBR,DA05
-AVDR,DA05
-PVCL,DA05
-AVAL,DA06
-AVAR,DA06
-RID,DA06
-AVAR,DA08
-AVDL,DA08
-DVB,DA08
-VA12,DA08
-AVAL,DA09
-AVDR,DA09
-PVR,DA09
-VA12,DA09
-AS02,DB01
-PVCL,DB02
-PVCR,DB02
-PVR,DB02
-AVAR,DB03
-DA03,DB03
-DA04,DB03
-DVA,DB03
-PVCL,DB03
-PVCR,DB03
-PVR,DB03
-AVDR,DB04
-DA05,DB04
-DVA,DB04
-PVCL,DB04
-PVCR,DB04
-VC02,DB04
-AVAL,DB05
-AVAR,DB05
-PVCL,DB05
-PVCR,DB05
-AVAR,DB06
-DVA,DB06
-PVCL,DB06
-PVCR,DB06
-DVA,DB07
-PVCL,DB07
-VA12,DB07
-AS02,DD01
-AS03,DD01
-AVL,DD01
-DA01,DD01
-DA02,DD01
-DB01,DD01
-RID,DD01
-VA01,DD01
-VA02,DD01
-VA03,DD01
-VB02,DD01
-VC01,DD01
-VC02,DD01
-VC03,DD01
-VD01,DD01
-VD02,DD01
-AS05,DD02
-DA03,DD02
-DA04,DD02
-DB02,DD02
-DB03,DD02
-RID,DD02
-VA03,DD02
-VA04,DD02
-VA05,DD02
-VB02,DD02
-VB03,DD02
-VB04,DD02
-VC01,DD02
-VC02,DD02
-VC03,DD02
-DB03,DD03
-DB04,DD03
-PVNR,DD03
-RID,DD03
-VA05,DD03
-VA06,DD03
-VA07,DD03
-VB04,DD03
-VB05,DD03
-VC01,DD03
-VC02,DD03
-VC03,DD03
-VA07,DD04
-VA08,DD04
-VA09,DD04
-VB06,DD04
-VB07,DD04
-VC03,DD04
-VD08,DD04
-PVDL,DD05
-VA09,DD05
-VB08,DD05
-VB09,DD05
-VD10,DD05
-DA09,DD06
-VA11,DD06
-VA12,DD06
-VB10,DD06
-VB11,DD06
-AIZL,DVA
-AIZR,DVA
-AVKL,DVA
-PDEL,DVA
-PDER,DVA
-PHAR,DVA
-PHCL,DVA
-PHCR,DVA
-PVDR,DVA
-PVM,DVA
-AVDR,DVC
-PVPR,DVC
-PVT,DVC
-VC01,DVC
-VC02,DVC
-VC03,DVC
-VC05,DVC
-ADEL,FLPL
-AIAL,HSNL
-HSNR,HSNL
-PLML,HSNL
-VC05,HSNL
-AVBR,HSNR
-AVFR,HSNR
-AVJL,HSNR
-AVL,HSNR
-BDUR,HSNR
-PLMR,HSNR
-PVQR,HSNR
-VC03,HSNR
-IL1L,IL1DL
-IL1R,IL1DR
-OLQVL,IL1VL
-CEPVR,IL1VR
-ADEL,IL2L
-OLLR,IL2R
-URBR,IL2R
-VA12,LUAL
-ADEL,OLLL
-SAADR,OLLL
-CEPDR,OLLR
-CEPVR,OLLR
-IL2R,OLLR
-VC05,OLLR
-IL2L,OLQDL
-RIH,OLQDL
-RIPL,OLQDL
-RIPR,OLQDL
-RIPL,OLQDR
-RIPR,OLQDR
-IL2L,OLQVL
-IL2R,OLQVR
-IL2VR,OLQVR
-AS11,PDA
-AS11,PDB
-AVKL,PDEL
-DVA,PDEL
-PVM,PDEL
-PVM,PDER
-PHAR,PHAL
-AVDR,PQR
-ADLR,PVCL
-ALML,PVCL
-AVAL,PVCL
-AVAR,PVCL
-BDUR,PVCL
-PDER,PVCL
-PVCR,PVCL
-PVDR,PVCL
-PVM,PVCL
-PVNR,PVCL
-VA12,PVCL
-ALML,PVCR
-ALMR,PVCR
-AVAL,PVCR
-AVJR,PVCR
-AVM,PVCR
-PDER,PVCR
-PVPL,PVCR
-PVPR,PVCR
-PVR,PVCR
-VA12,PVCR
-VB11,PVCR
-VC02,PVCR
-VD13,PVCR
-AVKL,PVM
-BDUL,PVNL
-BDUR,PVNL
-AVG,PVNR
-HSNR,PVNR
-VA11,PVNR
-VC03,PVNR
-DVB,PVPL
-AVL,PVPR
-VC03,PVPR
-AIML,PVQL
-ASJL,PVQL
-AVHL,PVQL
-AVKR,PVQL
-ASJR,PVQR
-AVJR,PVQR
-VC02,PVQR
-VC03,PVQR
-DVA,PVR
-IL1DL,PVR
-LUAR,PVR
-SMDVL,PVR
-AVG,PVT
-PVNL,PVT
-PVWR,PVT
-VA09,PVT
-VB10,PVT
-VC01,PVT
-VC02,PVT
-VC05,PVT
-ADFL,RIAL
-AIYL,RIAL
-AIZL,RIAL
-AQR,RIAL
-AWBL,RIAL
-AWCL,RIAL
-BAGR,RIAL
-DVA,RIAL
-RIBL,RIAL
-RIH,RIAL
-RIR,RIAL
-URXL,RIAL
-ADFR,RIAR
-AIZR,RIAR
-AQR,RIAR
-ASEL,RIAR
-AUAR,RIAR
-BAGL,RIAR
-DVA,RIAR
-PVPR,RIAR
-RIVL,RIAR
-RIVR,RIAR
-RMDR,RIAR
-SMDDL,RIAR
-SMDDR,RIAR
-AINL,RIBL
-AUAL,RIBL
-BAGL,RIBL
-BAGR,RIBL
-RIGL,RIBL
-RIML,RIBL
-AIBL,RIBR
-AUAR,RIBR
-BAGL,RIBR
-OLLR,RIBR
-RIGR,RIBR
-ADAL,RICL
-CEPDL,RICL
-CEPVL,RICL
-OLQDR,RICL
-OLQVL,RICL
-URXL,RICL
-CEPDL,RICR
-CEPVR,RICR
-OLQDL,RICR
-OLQVR,RICR
-URBL,RICR
-URBR,RICR
-PVCL,RID
-PVCR,RID
-HSNR,RIFR
-ADEL,RIGL
-ADER,RIGL
-AIZL,RIGL
-BAGL,RIGL
-BAGR,RIGL
-DVC,RIGL
-PVPL,RIGL
-URXL,RIGL
-ADEL,RIGR
-ADFR,RIGR
-AWAR,RIGR
-BAGL,RIGR
-RIBR,RIGR
-RMFL,RIGR
-URXR,RIGR
-IL2VR,RIH
-PVT,RIH
-AIBR,RIML
-SAADL,RIML
-SAADR,RIML
-AIBL,RIMR
-AIZR,RIMR
-RICL,RIMR
-RIS,RIMR
-RMDR,RIMR
-SAADL,RIMR
-SAADR,RIMR
-RIH,RIPL
-IL1VR,RIPR
-IL2VR,RIPR
-RIH,RIPR
-AVHR,RIR
-RIGL,RIR
-RIGR,RIR
-PVCL,RIS
-SDQL,RIS
-RIAL,RIVR
-RICL,RIVR
-OLQDR,RMDDL
-RIAL,RMDDL
-RIAR,RMDDL
-RMDR,RMDDL
-RMDVR,RMDDL
-SMDVR,RMDDL
-ALML,RMDDR
-OLQDL,RMDDR
-RIAR,RMDDR
-RMDL,RMDDR
-URYDL,RMDDR
-ADEL,RMDL
-IL1R,RMDL
-IL2L,RMDL
-IL2R,RMDL
-OLLL,RMDL
-OLLR,RMDL
-RIAL,RMDL
-RIAR,RMDL
-RIMR,RMDL
-AVKR,RMDR
-RIAL,RMDR
-RIAR,RMDR
-RIS,RMDR
-RMGL,RMDR
-CEPDL,RMDVL
-RIAL,RMDVL
-RMDDR,RMDVL
-URYDL,RMDVL
-URYVR,RMDVL
-OLQVL,RMDVR
-RIAL,RMDVR
-RIAR,RMDVR
-URYDR,RMDVR
-IL2VL,RMEL
-RIVR,RMEV
-SMBVL,RMEV
-PVT,RMFR
-ADEL,RMGL
-AIAL,RMGL
-CEPDL,RMGL
-SAADR,RMGL
-URXL,RMGL
-AIMR,RMGR
-CEPDR,RMGR
-SAADL,RMGR
-URXR,RMGR
-CEPDL,RMHR
-RIVR,SAADL
-SMBVL,SAADL
-VB01,SAADL
-AVKL,SAADR
-RIML,SAADR
-RIVL,SAADR
-SMBVR,SAADR
-VB01,SAADR
-RIMR,SAAVL
-SMBDR,SAAVL
-ADER,SAAVR
-RIML,SAAVR
-SMBDL,SAAVR
-AVDL,SABD
-AVL,SABD
-HSNR,SABD
-VB01,SABD
-AVAR,SABVL
-CEPDR,SIADL
-CEPDL,SIADR
-CEPVL,SIAVL
-AIZL,SMBDL
-AVKR,SMBDL
-AIML,SMBVL
-PLNL,SMBVL
-RMGL,SMBVL
-PLNR,SMBVR
-AIBR,SMDDL
-OLLL,SMDDL
-RIAL,SMDDL
-RIAR,SMDDL
-URYDR,SMDDL
-OLLL,SMDDR
-OLLR,SMDDR
-RIAL,SMDDR
-RIAR,SMDDR
-RIML,SMDDR
-RMEV,SMDDR
-URYDL,SMDDR
-ADAR,SMDVL
-ALNR,SMDVL
-OLLR,SMDVL
-RIAL,SMDVL
-RIAR,SMDVL
-ADAL,SMDVR
-OLLL,SMDVR
-OLLR,SMDVR
-RIAL,SMDVR
-RIAR,SMDVR
-URYVL,SMDVR
-IL2DL,URADL
-VC05,URBL
-IL2R,URBR
-URBL,URXL
-ADFR,URXR
-AUAR,URXR
-RIR,URXR
-URBR,URXR
-VB01,VA01
-VD01,VA01
-AVAL,VA02
-AVAR,VA02
-AVBL,VA02
-AVDR,VA02
-SABD,VA02
-VB02,VA02
-VD02,VA02
-AVAL,VA03
-AVAR,VA03
-AVDR,VA03
-AVEL,VA03
-AVER,VA03
-VA02,VA03
-VB01,VA03
-VD03,VA03
-AVAL,VA04
-AVAR,VA04
-AVBR,VA04
-VA03,VA04
-VB03,VA04
-AVAL,VA05
-AVAR,VA05
-AVDL,VA05
-AVER,VA05
-VD05,VA05
-AVAL,VA06
-AVAR,VA06
-VD06,VA06
-AVBL,VA07
-AVAL,VA08
-AVAR,VA08
-VB06,VA08
-VD08,VA08
-AVAL,VA09
-AVAR,VA09
-AVBR,VA09
-PDEL,VA09
-PVDR,VA09
-VA08,VA09
-VB08,VA09
-AVBL,VA10
-AVG,VA11
-VA12,VA11
-VD11,VA11
-VD12,VA11
-VB11,VA12
-VD12,VA12
-VD13,VA12
-AVFL,VB01
-FLPR,VB01
-VA02,VB01
-AVBL,VB02
-VD02,VB02
-VD03,VB02
-PVCL,VB03
-VA04,VB03
-PVCL,VB04
-PVCR,VB04
-VD05,VB04
-PVCL,VB05
-VA06,VB05
-VD06,VB05
-PVCL,VB06
-PVCR,VB06
-VA08,VB06
-PVCR,VB07
-VB06,VB07
-DD05,VB08
-PVCL,VB08
-PVCR,VB08
-VA08,VB08
-VA09,VB08
-VB09,VB08
-VB08,VB09
-VD10,VB09
-PVCL,VB10
-PVCR,VB10
-VA11,VB10
-VD11,VB10
-VD12,VB10
-PVCL,VB11
-VD12,VB11
-VC02,VC01
-VC03,VC01
-VC04,VC01
-HSNR,VC02
-PVNR,VC02
-VB02,VC02
-VC01,VC02
-VC03,VC02
-AVBL,VC03
-HSNR,VC03
-VC01,VC03
-VC02,VC03
-VC04,VC03
-VC05,VC03
-VC05,VC04
-HSNL,VC05
-VC04,VC05
-AS01,VD01
-DA01,VD01
-DA02,VD01
-DB01,VD01
-VA01,VD01
-VA02,VD01
-VB01,VD01
-VC01,VD01
-VC02,VD01
-VC03,VD01
-AS02,VD02
-AS03,VD02
-DA01,VD02
-DA02,VD02
-DB01,VD02
-DD01,VD02
-VA02,VD02
-VA03,VD02
-VB01,VD02
-VB02,VD02
-VC01,VD02
-VC02,VD02
-VC03,VD02
-AS03,VD03
-AVBR,VD03
-DA02,VD03
-DA03,VD03
-DB01,VD03
-DB02,VD03
-DD02,VD03
-VA03,VD03
-VB02,VD03
-VC01,VD03
-VC03,VD03
-AS04,VD04
-DA03,VD04
-DA04,VD04
-DA06,VD04
-DB02,VD04
-DB03,VD04
-DD02,VD04
-HSNR,VD04
-VA04,VD04
-VC01,VD04
-VC02,VD04
-VC03,VD04
-AS05,VD05
-DA04,VD05
-DA05,VD05
-DA06,VD05
-DB02,VD05
-DB03,VD05
-RID,VD05
-VA05,VD05
-VA06,VD05
-VC01,VD05
-VC02,VD05
-VC03,VD05
-AS06,VD06
-DA05,VD06
-DA06,VD06
-DB03,VD06
-DB04,VD06
-PVNR,VD06
-VA06,VD06
-VB05,VD06
-VB06,VD06
-VC01,VD06
-VC02,VD06
-VC03,VD06
-PVNR,VD07
-VA07,VD07
-VA08,VD07
-VB06,VD07
-VC03,VD07
-VA08,VD08
-DD05,VD09
-VA09,VD09
-VB08,VD09
-PVDL,VD10
-VB08,VD10
-VB09,VD10
-AVFR,VD11
-PDEL,VD11
-VB10,VD11
-VA11,VD12
-VA12,VD12
-VB10,VD12
-AS11,VD13
-DA09,VD13
-DB07,VD13
-PDB,VD13
-RID,VD13
-VA12,VD13
-I6,I3
-M1,I3
-I1R,M3L
-I1R,M3R
-I4,I2L
-I4,I2R
-I2R,NSML
-I2R,NSMR
-I6,I2L
-I6,I2R
-M1,I2L
-M1,I2R
-I3,M1
-NSMR,I4
-NSMR,I6
-M4,M1
-I1L,NSML
-I1L,NSMR
-I1R,MCL
-I1R,MCR
-I3,MCL
-I3,MCR
-I2L,I6
-M3L,M1
-M3R,I3
-M4,I5
-I5,M4
-I5,I4
-I3,M3L
-I3,M3R
-M2L,I1L
-M2L,I1R
-I1R,I5
-MCL,I2L
-MCL,I2R
-M5,M1
-M2L,I3
-M1,M5
-M2R,I3
-I4,M3L
-I4,M3R
-I1R,M2L
-I1R,M2R
-M5,I5
-I5,I1L
-I5,I1R
-M3L,I1L
-M3L,I1R
-M3R,I5
-M2L,MI
-NSML,I1L
-NSML,I1R
-I1L,MCL
-I1L,MCR
-I3,NSML
-I3,NSMR
-I6,M4
-I1L,M2L
-I1L,M2R
-I5,NSML
-I5,NSMR
-I5,M3L
-I5,M3R
-M3L,I3
-I3,I1L
-I3,I1R
-M3R,M1
-M3R,I1L
-M3R,I1R
-NSMR,I1L
-NSMR,I1R
-I1L,M3L
-I1L,M3R
-M1,I4
-NSML,I6
-NSML,I4
-M3R,NSML
-M3R,NSMR
-MI,M3L
-MI,M3R
-MCR,I1L
-MCR,I1R
-I1L,I5
-M2R,MI
-MCL,M1
-M3L,NSML
-M3L,NSMR
-M3L,I6
-I1R,NSML
-I1R,NSMR
-M1,M4
-M4,NSML
-M4,NSMR
-M4,I6
-NSMR,I2L
-NSMR,I2R
-I3,M2L
-I3,M2R
-I4,NSML
-I4,NSMR
-M2R,I1L
-M2R,I1R
-MCL,I1L
-MCL,I1R
-NSMR,I3
-I2L,NSML
-I2L,NSMR
-I4,M1
-I6,NSML
-I6,NSMR
-M1,I1L
-M1,I1R
-M3L,I4
-M3R,I6
-M3R,I4
-M4,I3
-MI,I5
-NSML,I3
-I2L,I4
-NSML,I2L
-NSML,I2R
-M1,I5
-I5,M1
-M1,MI
-I2R,I6
-I2R,I4
-M3L,I5
-MI,M1
-MI,M2L
-MI,M2R
-MCR,M1
